{"cameraMode":{"drawMode":0,"name":"Shaded","section":"Shading Mode"},"sceneLighting":false,"audioPlay":false,"sceneViewState":{"m_AlwaysRefresh":false,"showFog":true,"showSkybox":true,"showFlares":true,"showImageEffects":true,"showParticleSystems":true,"showVisualEffectGraphs":true,"m_FxEnabled":true},"in2DMode":false,"pivot":{"x":1.7319889068603516,"y":2.4726712703704836,"z":-4.411016464233398},"rotation":{"x":-0.20297162234783173,"y":-0.10084399580955506,"z":0.021021557971835138,"w":-0.9737530946731567},"size":2.699530839920044,"orthographic":false}