{"cameraMode":{"drawMode":0,"name":"Shaded","section":"Shading Mode"},"sceneLighting":false,"audioPlay":false,"sceneViewState":{"m_AlwaysRefresh":false,"showFog":true,"showSkybox":true,"showFlares":true,"showImageEffects":true,"showParticleSystems":true,"showVisualEffectGraphs":true,"m_FxEnabled":true},"in2DMode":false,"pivot":{"x":3.6724367141723635,"y":3.0542678833007814,"z":-3.087421417236328},"rotation":{"x":-0.21673205494880677,"y":0.06759639084339142,"z":-0.015043373219668866,"w":-0.9737718105316162},"size":2.7342357635498049,"orthographic":false}