{"cameraMode":{"drawMode":0,"name":"Shaded","section":"Shading Mode"},"sceneLighting":false,"audioPlay":false,"sceneViewState":{"m_AlwaysRefresh":false,"showFog":true,"showSkybox":true,"showFlares":true,"showImageEffects":true,"showParticleSystems":true,"showVisualEffectGraphs":true,"m_FxEnabled":true},"in2DMode":false,"pivot":{"x":20.271547317504884,"y":5.581552505493164,"z":-28.013256072998048},"rotation":{"x":-0.026993555948138238,"y":0.015299984253942967,"z":-0.00041473977034911513,"w":-0.9995141625404358},"size":2.757009506225586,"orthographic":false}