{"cameraMode":{"drawMode":0,"name":"Shaded","section":"Shading Mode"},"sceneLighting":false,"audioPlay":false,"sceneViewState":{"m_AlwaysRefresh":false,"showFog":true,"showSkybox":true,"showFlares":true,"showImageEffects":true,"showParticleSystems":true,"showVisualEffectGraphs":true,"m_FxEnabled":true},"in2DMode":false,"pivot":{"x":5.052826881408691,"y":3.476555824279785,"z":0.16336429119110108},"rotation":{"x":-0.12788353860378266,"y":-0.6272761821746826,"z":-0.10541646927595139,"w":0.7609572410583496},"size":2.3435893058776857,"orthographic":false}