{"cameraMode":{"drawMode":0,"name":"Shaded","section":"Shading Mode"},"sceneLighting":false,"audioPlay":false,"sceneViewState":{"m_AlwaysRefresh":false,"showFog":true,"showSkybox":true,"showFlares":true,"showImageEffects":true,"showParticleSystems":true,"showVisualEffectGraphs":true,"m_FxEnabled":true},"in2DMode":false,"pivot":{"x":-0.7029308676719666,"y":1.5235047340393067,"z":-0.6413500905036926},"rotation":{"x":-0.23062345385551454,"y":0.6413993835449219,"z":-0.21112853288650514,"w":-0.7006088495254517},"size":2.3435893058776857,"orthographic":false}