{"cameraMode":{"drawMode":0,"name":"Shaded","section":"Shading Mode"},"sceneLighting":false,"audioPlay":false,"sceneViewState":{"m_AlwaysRefresh":false,"showFog":true,"showSkybox":true,"showFlares":true,"showImageEffects":true,"showParticleSystems":true,"showVisualEffectGraphs":true,"m_FxEnabled":true},"in2DMode":false,"pivot":{"x":-0.6348576545715332,"y":1.3801624774932862,"z":0.004273146390914917},"rotation":{"x":-0.15330369770526887,"y":0.6573745608329773,"z":-0.13908329606056214,"w":-0.7245801687240601},"size":2.699530839920044,"orthographic":false}