{"cameraMode":{"drawMode":0,"name":"Shaded","section":"Shading Mode"},"sceneLighting":false,"audioPlay":false,"sceneViewState":{"m_AlwaysRefresh":false,"showFog":true,"showSkybox":false,"showFlares":true,"showImageEffects":true,"showParticleSystems":true,"showVisualEffectGraphs":true,"m_FxEnabled":true},"in2DMode":false,"pivot":{"x":1.5621585845947266,"y":0.5616066455841065,"z":-0.759782612323761},"rotation":{"x":-0.04196491464972496,"y":-0.03265966475009918,"z":0.0013733400264754892,"w":-0.9985812902450562},"size":0.9482563734054565,"orthographic":false}